{
    "train_r2": 0.8763986047140394,
    "test_r2": 0.8318197247620217,
    "train_rmse": 81656.1161864962,
    "test_rmse": 88482.15721610343,
    "train_mae": 43117.799347714456,
    "test_mae": 53232.360831496895
}